code,name,description,problem
DC0001,Circulación de armas de fuego,"La mayor disponibilidad de armas de fuego, especialmente de aquellas producidas ilegalmente y/o que fueron producidas y compradas legalmente pero que han migrado al mercado ilegal, ya sea por robo, malversación de instituciones de seguridad pública y/o privada o tráfico internacional de armas, facilita el acceso a las mismas por parte de potenciales perpetradores (""actores motivados""), lo que constituye un factor de riesgo relevante para la delincuencia (especialmente la violenta).","PE0001,PE0005"
DC0002,Presencia y/o disputa territorial entre grupos violentos,"La existencia en el territorio de grupos y bandas criminales que hacen uso sistemático de la violencia y/o realizan prácticas delictivas, ya sea como forma de resolver conflictos, dominar territorios y/u obtener beneficios/rentabilidad económica (vía narcotráfico, control de actividades económicas desarrolladas en estos territorios, extorsiones, robos, etc.) es un factor relevante para la mayor incidencia de episodios de delincuencia y violencia en general. En primer lugar, el control territorial por parte de estos grupos es un factor relevante para que se produzcan una serie de privaciones, abusos y recortes de derechos contra la comunidad local, incluso en los casos en los que se da una situación de ""monopolización del mercado criminal"" (lugares en los que existe un dominio por parte de un único grupo criminal organizado). Sin embargo, también existe una mayor probabilidad de que se produzcan incidentes de violencia, especialmente violencia letal (homicidios), como resultado de las disputas entre facciones/grupos delictivos por la hegemonía territorial (y, por ejemplo, el dominio sobre posibles puntos de tráfico de drogas situados en estos territorios). Además, la presencia de estos grupos en el territorio es un factor relevante para la mayor sensación de inseguridad por parte de los individuos que lo habitan (y tiende a incrementarse cuando se asocia a victimización directa y/o indirecta). También es posible que la presencia de estos grupos influya en el deterioro de la sensación de seguridad en un área geográfica más amplia que la comunidad y/o localidad donde operan más directamente. Este efecto ""spill-over"" tiende a potenciarse cuando se combina con la amplia (y sobre todo espectacular) difusión de sus actividades por los medios de comunicación tradicionales y las redes sociales, lo que acaba suscitando una mayor conmoción ciudadana y retroalimentando la sensación de miedo a la delincuencia y la percepción del riesgo de victimización.","PE0001,PE0024"
DC0003,Prevalencia de una cultura de resolución violenta de conflictos y/o normas colectivas que soportan y perpetúan el uso de la violencia,"La presencia de una cultura de resolución de conflictos y/o desacuerdos a través de conductas violentas es un factor de riesgo que predispone a las comunidades a mayores niveles de homicidio, en la medida en que la mayoría de los homicidios (excluyendo los cometidos por agresores diagnosticados con psicopatías o enfermedades y trastornos mentales relacionados) ocurren de manera no planificada y, por regla general, como resultado de reacciones emocionales violentas. Además, el debilitamiento de la capacidad de las comunidades para regular los conflictos es un factor predictivo de la aceleración de los delitos contra la vida, al igual que la debilidad o ausencia de políticas de mediación extrajudicial de conflictos que eviten su escalada permitiendo su resolución pacífica.","PE0001,PE0004"
DC0004,Baja capacidad del poder público para influir en la dinámica de enfrentamiento entre grupos violentos,"Las debilidades en los sistemas de análisis de las dinámicas delictivas de los grupos violentos reducen la capacidad de las autoridades públicas para actuar tanto preventivamente como para controlar y frenar eficazmente las dinámicas de los grupos violentos. Además, la ausencia y/o debilidad de la capacidad de coordinación de las actuaciones de las fuerzas de seguridad y justicia reduce la capacidad de los poderes públicos para contener la tendencia al alza de los índices de violencia y criminalidad provocada por grupos altamente violentos.","PE0001,PE0004"
DC0005,Baja cualificación de la investigación criminal y debilidad del sistema de inteligencia policial,"La evidencia acumulada en los últimos 30 años reporta que un número relativamente pequeño de individuos es responsable de una proporción sustancial del crimen detectado, mientras que también se ha señalado que el crimen también tiende a estar fuertemente concentrado en un porcentaje restringido de unidades micro-geográficas (barrios, cuadras y segmentos de calles). La identificación de estas características intrínsecas de la delincuencia ha dado lugar a diferentes escuelas y enfoques criminológicos que tienen en común la idea de que las fuerzas políticas pueden influir significativamente en los índices de delincuencia siempre y cuando sean capaces de identificar/predecir los principales grupos delictivos y factores de atracción que son desproporcionadamente responsables de una parte sustancial de la delincuencia y, a continuación, adoptar medidas para disuadir o incapacitar a los delincuentes y grupos de mayor riesgo y aplicar estrategias para mitigar y neutralizar los factores de riesgo y reforzar los factores de protección identificados. Cualquier debilidad en cuanto a la capacidad de investigación de las fuerzas policiales acaba imposibilitando la adopción de estrategias policiales preventivas y proactivas capaces de disuadir estos comportamientos. Adicionalmente, las debilidades en los sistemas de análisis de las dinámicas criminales de los grupos violentos, en la pericia técnica y en los procedimientos investigativos contribuyen a los bajos índices de esclarecimiento de los delitos contra la vida, lo cual, además de contribuir a una mayor sensación de impunidad que retroalimenta la predisposición de los actores motivados, también reduce la confianza de la población en las instituciones policiales, disminuyendo la propensión de los pobladores a colaborar con las investigaciones, estableciéndose un círculo vicioso que retroalimenta la criminalidad.","PE0001,PE0004,PE0005,PE0026"
DC0006,Baja eficiencia y/o eficacia del sistema judicial para garantizar una adecuada rendición de cuentas de los autores de actos violentos y actividades delictivas.,"Las debilidades del sistema de justicia para investigar, procesar y, en su caso, hacer rendir cuentas (garantizando el pleno derecho de defensa), con relativa celeridad, a los implicados en la perpetración de actos violentos y actividades delictivas contribuyen a una mayor sensación de impunidad que retroalimenta la predisposición de los actores motivados, y también reduce la confianza de la población en las instituciones judiciales, estableciendo un círculo vicioso. Los estudios han demostrado que los esfuerzos encaminados a aumentar la tasa de sentencias (la relación entre las sentencias y las acusaciones formuladas por el Ministerio Público) pueden conducir a una reducción estadísticamente significativa de la incidencia de delitos violentos como los homicidios dolosos, las tentativas de homicidio y los delitos sexuales (violación).","PE0001,PE0004,PE0005,PE0026"
DC0007,"Gestión de la seguridad compartimentada, uso insuficiente de datos y evidencias en el proceso de toma de decisiones y/o escasa orientación hacia resultados.",Esta categoría agrupa diferentes debilidades institucionales relacionadas con: i. Falta de integración entre las fuerzas policiales y ausencia de seguimiento y evaluación integrados de las estrategias y operaciones policiales; ii. Falta de integración entre las fuerzas policiales y ausencia de seguimiento y evaluación integrados de las estrategias y operaciones policiales; ii. Falta de planificación estratégica integrada del sistema de seguridad; y iii. Deficiente toma de decisiones basada en datos y evidencias.,"PE0001,PE0004,PE0005,PE0014,PE0015,PE0016,PE0017,PE0018"
DC0008,"Escasa capacidad de los sistemas socioeducativo, de asistencia social y penitenciario para promover la reinserción social de los condenados y prevenir la reincidencia","La ausencia de políticas eficaces de rehabilitación y reinserción social complica la prevención de la reincidencia de los delincuentes/reclusos, lo que a su vez alimenta los niveles de delincuencia y violencia. La mejora de los métodos de tratamiento, rehabilitación y reinserción social permite una transición gradual de los delincuentes de la prisión a la comunidad (""reingreso""), favoreciendo la reducción de la reincidencia y contribuyendo así a la disminución de los niveles de delincuencia y violencia.","PE0001,PE0004,PE0005"
DC0009,"Bajo desarrollo socioemocional y presencia de problemas de conductas disruptivas, de riesgo y/o violentas.","Las revisiones sistemáticas han demostrado que el condicionamiento social y el desarrollo de altos niveles de desarrollo socioemocional son factores protectores relevantes que reducen la probabilidad de fenómenos correlacionados con la incidencia de prácticas delictivas, mientras que el comportamiento antisocial, el bajo autocontrol, la alta impulsividad y la tolerancia a comportamientos problemáticos de/entre iguales son factores de riesgo que aumentan el riesgo. Además, los comportamientos violentos en la infancia y/o adolescencia pueden ser factores predictivos relevantes, y el acoso escolar (actos sistemáticos y repetitivos de violencia física y/o psicológica) se presenta como un factor de riesgo y vulnerabilidad relacionado con futuros comportamientos violentos, tanto para los agresores como para las víctimas.","PE0002,PE0012"
DC0010,Bajo desarrollo cognitivo y deficiencias en el rendimiento escolar,"El bajo desarrollo cognitivo y la baja escolarización son un factor de riesgo relevante para la incidencia del comportamiento delictivo. Además, la política educativa puede contribuir al condicionamiento social e influir en las expectativas de los jóvenes, con repercusiones relevantes en la prevención de la implicación de los jóvenes en la delincuencia, constituyendo así un factor de protección relevante para reducir los niveles de violencia juvenil.","PE0002,PE0012"
DC0011,Abandono escolar y/o reducción del tiempo de escolarización,"La literatura especializada señala al abandono escolar como un factor de riesgo relevante para la posterior participación de los jóvenes en la delincuencia, así como para la incidencia de conductas delictivas. Por otro lado, la evidencia científica ha demostrado que los esfuerzos institucionales para aumentar el tiempo y la permanencia escolar son un factor de protección relevante que tiende a reducir los índices de delincuencia y victimización","PE0002,PE0012"
DC0046,Uso abusivo de la fuerza y/o alta letalidad policial,"La brutalidad policial engloba aquellos episodios en los que se produce una desviación (intencionada o por mala praxis) por parte de un agente de las fuerzas del orden del nivel adecuado de uso de la fuerza por parte de la policía contra un sospechoso o delincuente, teniendo en cuenta el nivel de sometimiento y riesgo. Esto incluye tanto los casos de abuso no letal como las muertes como consecuencia de la intervención policial (""casos de resistencia""). El miedo a la policía repercute tanto en la legitimidad de los organismos policiales como empeora los índices de sensación de seguridad. Por último, cabe señalar que el impacto de la violencia policial en la sensación de inseguridad puede ser aún más relevante para aquellos segmentos de la población que se ven más desproporcionadamente victimizados en casos de abuso, violencia y/o letalidad policial (""miedo a la policía""), como suele ser el caso de los segmentos sociales más marginados (pobres, minorías étnico-raciales, etc.).","PE0001,PE0024,PE0026"
DC0012,Problemas de drogadicción y abuso o consumo precoz de sustancias psicoactivas entre adolescentes y jóvenes,"Las revisiones sistemáticas de la literatura especializada señalan el abuso de alcohol y drogas, así como el consumo precoz de estas sustancias, como factores de riesgo de futuros comportamientos violentos.","PE0002,PE0012"
DC0013,Disfunción familiar asociada a la vulnerabilidad socioeconómica,"Elementos relativos a la forma de la estructura familiar y al contenido de las relaciones de los jóvenes con sus familias, que, cuando son disfuncionales, pueden ser factores predictivos de futuros comportamientos violentos, especialmente cuando son concomitantes con una situación de vulnerabilidad socioeconómica. Esto incluye, además de las cuestiones relacionadas con la desintegración familiar (por ejemplo, familias monoparentales), las cuestiones relacionadas con las competencias parentales deficientes por parte de los padres y/o tutores legales de los niños y adolescentes. Las competencias parentales se refieren a las capacidades prácticas de las madres, padres o responsables de los niños y/o adolescentes para cuidar, proteger y educar a sus hijos, asegurar un entorno saludable y su desarrollo integral. La evidencia muestra que, en cuanto a los factores de riesgo relacionados con el entorno familiar, la violencia juvenil tiende a estar altamente asociada a una baja capacidad de control parental, a la incidencia de prácticas disciplinarias autoritarias o inconsistentes, a una baja implicación y apego de los padres hacia el/los hijo/s y a una alta incidencia de conflictos familiares.","PE0002,PE0009"
DC0014,"Prevalencia episodios de violencia, negligencia o malos tratos en el entorno familiar","Abarca cuestiones relacionadas con la experiencia de malos tratos y/o abusos sexuales en la infancia, que puede ser un factor predictivo relevante para la incidencia de futuros comportamientos violentos,","PE0002,PE0012"
DC0015,"Implicación de adolescentes/jóvenes en actividades delictivas, participación en grupos muy violentos y/o convivencia con pares infractores","El contacto y/o la posterior participación de niños, adolescentes y jóvenes en grupos altamente violentos, bandas y/o delincuencia organizada, así como la participación con compañeros delincuentes, son factores de riesgo para el comportamiento delincuente/criminal entre los jóvenes y, en consecuencia, para una mayor probabilidad de que los jóvenes sean victimizados. Además, las evidencias demuestran que, entre los factores individuales asociados a la violencia juvenil, uno de los más destacados, aparte de la pertenencia a una banda y/o grupo violento, es tener compañeros delincuentes, infractores o con antecedentes de comportamiento antisocial. ","PE0002,PE0012"
DC0016,Prevalencia de problemas de drogadicción y abuso de sustancias entre potenciales victimarios,El abuso de alcohol y/o sustancias ilícitas son características personales de los potenciales agresores que constituyen factores generales de riesgo para cometer feminicidio.,PE0003
DC0017,Incidencia de problemas de salud mental y tendencias suicidas entre potenciales victimarios,"La incidencia de problemas psicológicos, especialmente la presencia de depresión, potencialmente con la presencia de pensamientos suicidas o intentos de suicidio entre los autores potenciales, son factores predictivos relevantes que aumentan la vulnerabilidad de las mujeres al feminicidio.",PE0003
DC0018,Bajo nivel educativo y alto nivel de estrés económico entre potenciales victimarios,"Las situaciones de necesidad y estrés económico, incluidos el empleo intermitente, el desempleo reciente y los bajos niveles de educación son características personales que constituyen factores predictivos de episodios de violencia doméstica contra la mujer, que pueden culminar en feminicidio. Según meta-análisis recientes, los bajos niveles de educación en particular son un factor predictivo relevante de la violencia letal en la pareja.","PE0003,PE0006"
DC0019,Fácil acceso a las armas por parte de potenciales victimarios,"Según metaanálisis recientes, la facilidad de acceso a las armas (""blancas"" o ""de fuego"") es un factor predictivo relevante de los homicidios cometidos por hombres contra mujeres en la pareja.",PE0003
DC0020,Relaciones con un historial de episodios repetidos de abuso y violencia,"La presencia de fenómenos y rasgos característicos de una relación abusiva y violenta, incluyendo cuestiones como el despliegue de comportamientos controladores, el acecho, los celos debidos a la sospecha de la implicación de la pareja en una aventura romántica/sexual ajena a la relación o ligada al deseo de la víctima de poner fin a la relación, la amenaza de violencia (especialmente la amenaza de armas de fuego) y el uso real de la violencia contra la mujer son señalados en la literatura especializada como elementos predictivos de episodios de homicidio en la pareja cometidos por hombres contra mujeres.",PE0003
DC0021,Escasa capacidad de las autoridades públicas para prevenir la reincidencia/revictimización en casos de violencia de pareja,"De acuerdo con los supuestos del enfoque económico de la delincuencia, los estudios han demostrado que la actividad gubernamental/legislativa tiene el potencial de reducir el número total de casos de feminicidio al aumentar el riesgo percibido de condena y castigo por parte de los (potenciales) autores. Por otro lado, la inacción gubernamental y la impunidad resultante pueden hacer inviable este poder disuasorio, provocando un aumento del número de casos. Además, la aplicación de técnicas forenses en la atención a las mujeres puede facilitar la identificación de las víctimas de violencia doméstica y/o malos tratos, favoreciendo la activación de los servicios de protección de la mujer. Además, con el avance de las técnicas estadísticas y computacionales, ya es posible predecir el riesgo de revictimización mediante el desarrollo de algoritmos inteligentes (""machine-learning""). Si se aprovecha adecuadamente el potencial que representan estas iniciativas, los servicios de seguridad, sanitarios y sociales podrán actuar de forma preventiva para proteger a las mujeres más expuestas y evitar así la revictimización. Esto incluye, por ejemplo, cuestiones relacionadas con la capacidad de ofrecer servicios de alojamiento a las mujeres en situación de vulnerabilidad/riesgo y la aplicación y ejecución de medidas de protección.","PE0003,PE0006"
DC0022,Resistencia activa a robos y agresiones por parte de las víctimas,La literatura criminológica apunta al hecho de que las situaciones en las que las víctimas reaccionan ante robos y agresiones tienen más probabilidades de desembocar en una escalada de un delito no letal contra la propiedad (robo) a un asesinato-robo (robo seguido de muerte).,PE0005
DC0023,Concentración de víctimas potenciales en lugares marcados por la ausencia de guardianes y con características físicas que reducen la vigilancia natural y/o conducen a una mayor vulnerabilidad situacional,"Factores ambientales/situacionales que facilitan el comportamiento delictivo, bien porque hacen a las víctimas potenciales más vulnerables/desprotegidas, bien por la ausencia de guardianes, lo que reduce la probabilidad de que el delincuente sea capturado. Se trata, por ejemplo, de la escasa vigilancia natural (en la vía pública o en los domicilios) y/o de la ausencia de factores de protección (como la instalación/mejora del alumbrado público y de equipos de seguridad en los domicilios, la ausencia, debilidad o ineficacia de estrategias policiales que concentren la acción policial y la prevención situacional en los microterritorios con peores índices de violencia (""hot spot policing"").","PE0005,PE0017,PE0023"
DC0024,Escasa capacidad para controlar e/o impedir los mercados ilegales y la comercialización de productos sin origen probado,"Los estudios demuestran que la vulnerabilidad a la incidencia de la violencia homicida en relación con delitos como asaltos, secuestros o robos está, entre otros factores, en función del dominio y control de los mercados ilegales por parte de las organizaciones delictivas y del acceso a los mismos por parte de los autores. ","PE0005,PE0014,PE0015,PE0016,PE0017,PE0020,PE0021,PE0022,PE0023"
DC0025,"Antecedentes de comportamiento agresivo en la adolescencia, comportamiento antisocial y/o antecedentes de violencia familiar desde la infancia entre las víctimas potenciales","El comportamiento agresivo en la adolescencia, el comportamiento social y una historia de violencia, negligencia, maltrato y abuso sexual desde la infancia son factores de riesgo y vulnerabilidad relacionados con la propia mujer que aumentan la probabilidad y el riesgo de que esta mujer sea víctima de violencia conyugal en el futuro.",PE0006
DC0026,Exposición de las víctimas potenciales a la violencia de pareja en la familia de origen,Factores de riesgo y vulnerabilidad relacionados con la propia mujer que aumentan la probabilidad y el riesgo de que se convierta en víctima de violencia en el futuro.,PE0006
DC0027,"Dependencia económica-financiera, social y/o emocional de las víctimas con relación a parejas maltratadoras","Características relacionadas con la naturaleza de la relación que exponen a las víctimas a un alto riesgo de (re)victimización, en el sentido de que, una vez presentes, tienden a favorecer el mantenimiento de la relación a pesar de la aparición de episodios de abuso. En esta categoría se incluyen factores como la dependencia económica, el aislamiento social, la presión social y familiar y la baja autoestima. En parte como resultado de esto, la literatura también señala la baja escolarización como una característica de vulnerabilidad relacionada con la propia mujer que aumenta la probabilidad de incidentes de violencia de pareja al dificultar la ruptura de relaciones abusivas.",PE0006
DC0028,"Presencia de enfermedades psicológicas, drogadicción y/o alcoholismo entre las víctimas potenciales","Los trastornos psicológicos, incluidos los síntomas depresivos, la irritabilidad y la afectividad reducida, y la drogadicción son factores de riesgo y vulnerabilidad relacionados con la propia mujer que aumentan la probabilidad y el riesgo de que esta mujer se convierta en víctima de violencia en el futuro. El abuso de alcohol, en particular, se ha destacado como una característica individual de las mujeres con mayor riesgo de convertirse en víctimas de violencia letal cometida por sus parejas íntimas.",PE0006
DC0029,"Incidencia de problemas de salud mental, drogadicción y abuso de sustancias entre delincuentes potenciales","Características personales que son factores de riesgo generales para cometer actos de violencia contra las mujeres, en particular el abuso de alcohol y/o sustancias ilícitas, la depresión, potencialmente con pensamientos suicidas, y los traumas relacionados con la exposición a la violencia en la infancia.",PE0006
DC0030,Antecedentes penales relacionados con violencia previa contra las mujeres por parte de potenciales victimarios,"La literatura especializada en homicidios cometidos contra mujeres en la pareja apunta a que el análisis de riesgo de este tipo de violencia cometida contra las mujeres debe centrarse, entre otras cosas, en la aplicación de medidas de protección y prevención con especial atención a las parejas en las que el potencial agresor tenga antecedentes penales, o incluso antecedentes de violencia doméstica, ya sea en la relación actual o en relaciones anteriores.",PE0006
DC0031,"Insatisfacción con la relación, presencia de fuertes desacuerdos y distanciamiento entre los miembros de la pareja","Factores de riesgo relacionados con la naturaleza y la forma de la relación de pareja que potencian la incidencia de episodios de violencia. El “extrañamiento” o ""distanciamiento"" (""estrangement"", en inglés) se refiere al distanciamiento físico y/o emocional entre la pareja que conduce a la pérdida de la relación previamente existente. La literatura especializada señala este fenómeno como una situación de riesgo que aumenta la probabilidad de violencia de pareja contra las mujeres, incluida la violencia letal, especialmente cuando se combina con otros factores de riesgo y se desvincula de los servicios de protección eficaces para las mujeres en situación de violencia y/o riesgo. Además, el riesgo de que se produzca este tipo de violencia aumenta en los periodos inmediatamente posteriores a la separación/divorcio (entre un día y tres meses después).",PE0006
DC0032,"Prevalencia de códigos sociales que normalizan los comportamientos misóginos, sexistas o machistas y/o sancionan los actos de violencia de género","Normas sociales positivas y/o consuetudinarias que sancionan los actos de violencia de género, que configuran relaciones sociales que normalizan la autoridad masculina sobre el comportamiento femenino y/o privilegian los derechos de los hombres.","PE0006,PE0007"
DC0033,"Escaso acceso a servicios públicos de protección y apoyo a las mujeres víctimas de la violencia, insuficientes o inadecuados","Factores relacionados con el acceso deficiente, la insuficiencia y/o la inadecuación de los servicios públicos (en particular la sanidad, la justicia y la seguridad) para la protección y el apoyo efectivos de las mujeres víctimas de violencia mediante la identificación precoz de las situaciones de violencia (preagravación), la evaluación de riesgos y la gestión de casos de forma integrada entre los distintos organismos/organismos.","PE0006,PE0007"
DC0034,Presencia de condiciones urbano-ambientales que facilitan la ocurrencia de delitos y/o violencia contra las mujeres,"Características de la zona donde ocurren los episodios de violencia que desalientan la convivencia en espacios colectivos, la apropiación territorial y la vigilancia natural, incluyendo la falta y/o deficiencia del sistema de alumbrado público, la acumulación de basura, vegetación densa u otros objetos que dificultan la vigilancia ""natural"" (o ""colectiva""), la presencia de pasarelas, paradas de autobús o estaciones de tren/metro demasiado aisladas, vacías en momentos de mayor vulnerabilidad y/o desatendidas.",PE0007
DC0035,"Incidencia de problemas de salud mental, drogadicción y abuso de sustancias por parte de los padres y/o tutores legales",El abuso de alcohol y/o sustancias ilícitas por parte de los padres/tutores son factores generales de riesgo de violencia contra niños y adolescentes.,PE0009
DC0036,Victimización previa en episodios de delincuencia y/o violencia en general,"Experimentar episodios de violencia puede provocar traumas que, a la larga, desemboquen en problemas de comportamiento externalizantes en la infancia/juventud, incluido el comportamiento agresivo. Esta potencialización de los conflictos aumenta la predisposición e incrementa la probabilidad de que los jóvenes se involucren en la delincuencia y la violencia.",PE0012
DC0037,"Residencia en zonas marcadas por la desorganización social, la vulnerabilidad socioeconómica y/o la violencia","Los espacios marcados por la desorganización social y la debilidad del capital social tienden a concentrar factores ambientales que aumentan el riesgo de comportamientos violentos por parte de los jóvenes. ""Capital social"" es un concepto sociológico que se refiere al conjunto de reglas, normas, redes y relaciones de reciprocidad y confianza que impregnan las relaciones sociales y facilitan/permiten las acciones coordinadas y la cooperación entre los miembros de una comunidad. Los espacios marcados por la desorganización social y la fragilidad de las redes de apoyo y cooperación y de los lazos comunitarios de seguridad y confianza mutua son factores ambientales que aumentan la vulnerabilidad de estas comunidades y reducen la posibilidad de resolución pacífica de conflictos y desacuerdos, convirtiéndose en consecuencia en un factor que aumenta el riesgo de incidencia de conductas violentas y delictivas, especialmente cuando estas comunidades se ubican además en territorios marcados por fenómenos como la pobreza, la falta de asistencia social y el escaso acceso a servicios básicos.",PE0012
DC0038,"Pérdida repentina de ingresos individuales o familiares, especialmente entre los jóvenes con bajo nivel educativo e inestabilidad laboral","Estudios recientes han demostrado que la incidencia de crisis abruptas y pérdidas repentinas de empleo tiende a aumentar la propensión de los individuos a cometer tanto delitos por motivos económicos como delitos violentos. Esta propensión tiende a ser más relevante para los grupos de población que tienen más probabilidades de encontrarse en una situación de liquidez restringida en caso de pérdida de empleo, en particular los trabajadores jóvenes y/o aquellos con alta rotación laboral y bajos niveles educativos. Además, estos estudios también han detectado efectos colaterales de la pérdida de empleo de los padres sobre los hijos que viven con ellos. Estos jóvenes también son más propensos a cometer delitos en el periodo posterior a la pérdida de ingresos de sus padres. Por otra parte, estos estudios también sugieren que la red de seguridad social (en particular, el acceso al seguro de desempleo en los 3-5 meses siguientes a la pérdida del empleo) neutraliza esta tendencia al aumento de la delincuencia entre los beneficiarios (aunque estos efectos se disipan con la expiración de la prestación).",PE0012
DC0055,Servicios de rehabilitación y reinserción económica y social inadecuados y/o insuficientes para los jóvenes que egresan del sistema socioeducativo,"Diversos estudios han demostrado que los ex delincuentes se enfrentan a numerosos obstáculos que dificultan su reinserción con éxito en la vida en sociedad. De hecho, en comparación con la población general, los ex delincuentes son más propensos a sufrir de abuso de sustancias o de un problema de salud mental, tienen menos educación, tienden a caracterizarse por la falta de habilidades y calificaciones (lo que los hace menos ""empleables""), y tienden a no tener redes de apoyo sustanciales o arreglos de vivienda adecuados para la reintegración. Por otro lado, la evidencia ha demostrado que la puesta en marcha de iniciativas dirigidas a apoyar la reintegración social y económica de individuos que están a punto de progresar hacia el mercado laboral abierto y de aquellos que han egresado del sistema penitenciario tiene un alto potencial para facilitar este proceso y reducir la reincidencia. Estos programas, que suelen desarrollarse en la fase final de la condena, todavía en régimen cerrado, y que se prolongan durante las primeras semanas o meses tras la puesta en libertad, tienden a reducir la reincidencia delictiva de sus beneficiarios.","PE0012,PE0028"
DC0040,Concentración de viviendas en localidades y/o con características físicas que conllevan una mayor vulnerabilidad situacional,"Los estudios empíricos muestran que las viviendas situadas en avenidas/calles muy transitadas son más vulnerables, bien porque los agresores suelen seleccionar sus objetivos a lo largo de sus rutas diarias (como recomienda la Teoría de las Actividades Rutinarias), bien porque prefieren actuar en lugares de fácil acceso y que ofrezcan vías de escape (según la Teoría de la Elección Racional y la Teoría del Patrón Delictivo). Las evidencias también apuntan a la menor vulnerabilidad de las viviendas situadas en calles sin salida y/o con escasa conectividad con otras vías. Además, la ausencia de equipamiento de seguridad para la propiedad, como cerraduras, alarmas vinculadas a empresas de seguridad y rejas (entre otros), aumenta el riesgo de robos. Por último, estudios urbanos han demostrado que la configuración de espacios urbanos de uso mixto (mezcla de comercial y residencial) tiende a propiciar una mayor apropiación del espacio por parte de la población e incentiva la permanencia de la comunidad en el área para realizar actividades sociales, aumentando así la sensación de seguridad de las personas que lo utilizan al inducir un mayor nivel de vigilancia natural y favorecer la prevención situacional del delito y la violencia.","PE0014,PE0020"
DC0041,Deficiencias en el control de los puntos y/o momentos de mayor incidencia delictiva.,"El predominio de modelos policiales difusos y la ausencia de estrategias policiales preventivas/situacionales conducen a condiciones más vulnerables a la actividad delictiva, ya que la menor posibilidad de ser capturado/visto por los agentes de seguridad (""ausencia de guardianes"") hace que los objetivos potenciales sean más atractivos, al ser identificados como gratificantes por los perpetradores. Esto se vuelve aún más relevante cuando esta debilidad se combina con la existencia de espacios que presentan características que los hacen más vulnerables a una alta incidencia delictiva (""oportunidades atractivas"", como por ejemplo: lugares de gran circulación de personas, como estaciones de transporte público, zonas de ocio, o espacios urbanos con características físicas que reducen la vigilancia natural). En muchos casos, la propia fragilidad y/o falta de recursos humanos y tecnológicos necesarios para aplicar técnicas avanzadas de análisis de la delincuencia que permitan identificar estos patrones es uno de los factores que impide avanzar en modelos más focalizados (por ejemplo, la vigilancia policial de puntos calientes).","PE0014,PE0015,PE0016,PE0017,PE0020,PE0021,PE0022,PE0023"
DC0044,Baja capacidad para detectar y/o responder a los sucesos y llamadas a tiempo,"La prevalencia de debilidades institucionales por parte de las fuerzas de seguridad para identificar y procesar incidentes y desencadenar respuestas oportunas y ágiles reduce la capacidad de respuesta de las fuerzas policiales, con consecuencias perjudiciales para la perspectiva de que los autores rindan cuentas. En esta situación, se generan incentivos que retroalimentan la incidencia de los llamados ""delitos de oportunidad"" (robos y hurtos, nominalmente). Esto se debe a que la incidencia de estas prácticas delictivas tiende a aumentar en contextos en los que confluyen ""objetivos"" potenciales percibidos como gratificantes por los potenciales autores (personas dispuestas a delinquir) y lugares en los que se espera una ""ausencia de guardianes"", hasta el punto de que, en estos casos, el riesgo de que el potencial delincuente sea capturado se reduce considerablemente. Este factor suele ser destacado por los enfoques criminológicos que hacen hincapié en la sensibilidad al riesgo de los individuos implicados en (y/o propensos a) actividades delictivas y que, en consecuencia, subrayan la pertinencia de estrategias destinadas a disuadir a los denominados ""actores motivados"", ya sea mediante estrategias coordinadas que faciliten una actuación policial predictiva o mediante innovaciones que permitan reducir los tiempos de respuesta a las llamadas/ocurrencias.","PE0014,PE0015,PE0016,PE0017,PE0018,PE0020,PE0021,PE0022,PE0023"
DC0042,Concentración de establecimientos comerciales en lugares y/o con características físicas que conllevan una mayor vulnerabilidad situacional.,"Los estudios empíricos muestran que los establecimientos comerciales situados en avenidas/calle muy transitadas son más vulnerables, bien porque los delincuentes suelen seleccionar sus objetivos a lo largo de sus rutas diarias (como recomienda la Teoría de las Actividades Rutinarias), bien porque prefieren actuar en lugares de fácil acceso y que ofrezcan vías de escape (según la Teoría de la Elección Racional y la Teoría del Patrón Delictivo). Además, la ausencia de equipos de seguridad para los bienes, como cerraduras y alarmas vinculadas a empresas de seguridad (entre otros), aumenta el riesgo de robo en los establecimientos comerciales. Por último, los estudios urbanos han demostrado que la configuración de espacios urbanos de uso mixto (mezcla de comercial y residencial) tiende a provocar una mayor apropiación del espacio por parte de la población y anima a la comunidad a permanecer en la zona para realizar actividades sociales, aumentando así la sensación de seguridad de las personas que lo utilizan al inducir un mayor nivel de vigilancia natural y favorecer la prevención situacional de la delincuencia y la violencia.","PE0015,PE0021"
DC0043,Ausencia o fracaso de una estrategia de investigación policial previa para identificar a los grupos delictivos y los factores de atracción para la acción delictiva.,"La evidencia acumulada en los últimos 30 años reporta que un número relativamente pequeño de individuos es responsable de una proporción sustancial del crimen detectado, mientras que también se ha señalado que el crimen también tiende a estar fuertemente concentrado en un porcentaje restringido de unidades micro-geográficas (barrios, cuadras y segmentos de calles). La identificación de estas características intrínsecas de la delincuencia ha dado lugar a diferentes escuelas y enfoques criminológicos que tienen en común la idea de que las fuerzas políticas pueden influir significativamente en los índices de delincuencia siempre y cuando sean capaces de identificar/predecir los principales grupos delictivos y factores de atracción que son desproporcionadamente responsables de una parte sustancial de la delincuencia y, a continuación, adoptar medidas para disuadir o incapacitar a los delincuentes y grupos de mayor riesgo y aplicar estrategias para mitigar y neutralizar los factores de riesgo y reforzar los factores de protección identificados. Más recientemente, impulsado, entre otros factores, por la creciente digitalización del sector y de las estadísticas públicas, el análisis de la delincuencia se ha reforzado como una práctica clave para permitir a los agentes públicos analizar individuos, grupos, comportamientos, incidentes y sucesos delictivos, y factores situacionales y sociales relevantes, con el objetivo de identificar patrones y tendencias en relación con delincuentes y víctimas de alto riesgo y comprender e interpretar la estructura de oportunidades que condicionan la comisión de delitos, identificando, por ejemplo, los factores de atracción para la acción delictiva. Así, cualquier debilidad en cuanto a la capacidad de investigación de las fuerzas policiales acaba imposibilitando la adopción de estrategias policiales preventivas y proactivas capaces de disuadir estos comportamientos. Alternativamente, la evidencia de casos como el programa Compstat de Nueva York ha demostrado que la combinación del uso de las nuevas tecnologías de la información y la comunicación con la aplicación de técnicas de análisis de la delincuencia ha sido eficaz para producir impactos positivos en los índices de criminalidad.",PE0018
DC0045,Escaso acceso de la población a información objetiva sobre delincuencia y violencia,"La forma en que se difunden las noticias sobre delitos, especialmente los violentos, puede estimular una sensación de inseguridad (miedo como expresión de ansiedad, y no necesariamente producido por la experiencia de victimización). Diversos estudios han puesto de relieve el proceso por el que determinados delitos pueden servir de ""desencadenantes"" para alterar nuestra percepción de la propia realidad. Este proceso ha dado lugar, además, a una ""industria del miedo"" en las últimas décadas, hecho que se ha visto potenciado por la sobrevaloración de la violencia en medios de prensa sensacionalistas. Es el caso, por ejemplo, de los homicidios cometidos sin motivo definido, que atraen mucho la atención de la prensa, influyendo en la percepción del público, que tiende a temer un tipo de violencia que se produce raramente.","PE0024,PE0025"
DC0047,"Presencia de condiciones urbano-ambientales que conducen a la percepción de deterioro urbano, desorden y desorganización social y/o facilitan la aparición de delitos y/o violencia.","El llamado enfoque de prevención situacional de la delincuencia hace hincapié en que algunos aspectos del paisaje urbano contemporáneo son muy relevantes no sólo para la incidencia de la delincuencia en sí, sino también para el deterioro de la sensación de seguridad. Entre los principales aspectos se encuentran la concentración de funciones urbanas en zonas separadas, la segregación social (concentración de las personas más pobres en grandes comunidades aisladas), la debilidad de la llamada ""vigilancia natural"" en los espacios públicos y otras características que hacen que los espacios urbanos sean intimidantes, incómodos y no estimulen ni el sentimiento de pertenencia ni la vida colectiva (por ejemplo, problemas de alumbrado público y espacios públicos abandonados). Del mismo modo, los partidarios y defensores de la llamada ""teoría de las ventanas rotas"" también han hecho hincapié en la importancia del deterioro urbano y la incidencia de delitos menores como el desorden, el vandalismo, el consumo de alcohol y las peleas en la percepción de ciertos lugares como peligrosos, además de retroalimentar la aparición de delitos más violentos.",PE0025
DC0048,Deterioro de la imagen de integridad de las fuerzas policiales y del sistema judicial,"El deterioro de la imagen de la policía ante los ciudadanos alimenta la percepción de que las fuerzas de seguridad no tienen las capacidades (técnicas y/o morales) necesarias para garantizar el orden público y los derechos de los ciudadanos. En concreto, el deterioro de la imagen de la integridad policial (especialmente como consecuencia de la brutalidad policial, el abuso de autoridad y/o los casos de corrupción por parte de agentes de policía) puede ser aún más relevante para el deterioro de la percepción de seguridad por parte de aquellos segmentos sociales y demográficos que se ven más desproporcionadamente victimizados en casos de abuso policial, violencia y/o letalidad (""miedo a la policía""). Además, los estudios también muestran que quienes presencian o experimentan episodios de corrupción policial son mucho menos proclives a apoyar la asignación de recursos a la policía o el aumento de los impuestos para financiar mayores presupuestos policiales. En el caso de las instituciones de justicia, se aplica el mismo razonamiento: el deterioro de la legitimidad del sistema de justicia a ojos de los ciudadanos disminuye su propensión a recurrir a él como medio para resolver pacíficamente los conflictos y/o buscar protección y justicia en el sentido más amplio. Esto acaba creando un círculo vicioso que retroalimenta la delincuencia, la violencia y la sensación de inseguridad.",PE0026
DC0049,Insatisfacción con la calidad de los servicios de seguridad y justicia prestados a los ciudadanos,"El modelo policial tradicional, implementado a través del esquema de atención de llamadas de emergencia, patrullajes ostentosos aleatorios, investigaciones individualizadas para cada suceso y operaciones policiales puntuales, provoca un distanciamiento entre la policía y las comunidades, afectando la relación de confianza y la legitimidad de la policía. Además, la baja calidad (agilidad y cortesía) del servicio prestado a la población por los órganos policiales y las instituciones del sistema de justicia contribuye al deterioro de la imagen de la eficacia de estas instituciones, reduciendo así la creencia colectiva de que, de hecho, son capaces de garantizar el mantenimiento del orden y la armonía social. Todo ello repercute negativamente tanto en la sensación de seguridad como en la disposición de la población a colaborar con los organismos policiales, creando un círculo vicioso que realimenta la inseguridad en general, en la medida en que la eficiencia y eficacia de estas instituciones depende en gran medida de la propia colaboración espontánea de la población a la hora de, por ejemplo, denunciar delitos, actuar como testigos en casos policiales y/o judiciales y recurrir a los tribunales para resolver conflictos de forma pacífica.",PE0026
DC0050,"Deficiencias y/o insuficiencia de los instrumentos de transparencia, control y participación social","El término ""accountability"" se refiere a un concepto que no tiene una traducción exacta al portugués, ya que involucra tres dimensiones concomitantes: transparencia, rendición de cuentas y responsabilidad. Las debilidades en el sistema de rendición de cuentas de los órganos policiales contribuyen al deterioro de la sensación de seguridad en general, en la medida en que: i. favorece el distanciamiento de la policía de la sociedad; ii. contribuye al empeoramiento de la imagen de la policía ante la opinión pública; iii. crea un ambiente más susceptible a los casos de corrupción y a la comisión de abusos por parte de los agentes del orden, en la medida en que se reducen las probabilidades de rendición de cuentas. Todos estos elementos contribuyen a crear un contexto en el que tiende a minarse la confianza en las instituciones de seguridad y justicia.",PE0026
DC0051,Alta propensión y/o inadecuación en el uso de sanciones privativas de libertad en adultos,"Las evidencias de recientes revisiones sistemáticas demuestran que las medidas no privativas de libertad pueden ser más eficaces para reducir la reincidencia que el encarcelamiento. Sin embargo, sobre todo cuando los índices de delincuencia se sitúan en niveles elevados (y especialmente cuando aumentan los delitos violentos), es habitual que adquieran notoriedad los discursos de ""lucha contra la delincuencia"" y ""mano dura"" y, en consecuencia, que los organismos e instituciones del sistema de seguridad y justicia apliquen políticas de ""tolerancia cero"" y encarcelamiento masivo.",PE0027
DC0052,"Escasa capacidad para identificar, evaluar y abordar los factores de riesgo y las necesidades individuales de los reclusos adultos","La evidencia muestra que uno de los aspectos centrales que condicionan la capacidad institucional para garantizar los derechos durante la condena y favorecer la reinserción social y la reducción de la reincidencia delictiva se refiere a la capacidad de los poderes públicos para: i. Identificar los factores de riesgo de cada individuo; ii. Identificar los factores de riesgo específicos que presenta cada individuo; ii. Reconocer las necesidades específicas de atención y/o asistencia de cada individuo; y iii. Seleccionar, aplicar y gestionar las intervenciones y opciones de tratamiento más apropiadas para cada individuo, teniendo en cuenta aquellas intervenciones que tienen el mayor potencial para un impacto positivo en las tasas de reincidencia, tal y como atestiguan los resultados de la investigación científica.",PE0027
DC0053,Deficiencias en la garantía de los derechos y la seguridad de las personas privadas de libertad y en el control efectivo de las unidades penitenciarias,"El sentido común, informado en este caso por la ideología que apoya las ""políticas de mano dura contra la delincuencia"", sugiere que la severidad del castigo debería reducir la probabilidad de reincidencia, en la medida en que una mala (y prolongada) experiencia disuadiría a los convictos de reincidir. Este sistema de creencias proporciona un terreno fértil para la resistencia pública a cualquier esfuerzo público destinado a mejorar las condiciones penitenciarias. Sin embargo, más recientemente, algunas investigaciones han tratado de arrojar luz sobre la relación entre las condiciones penitenciarias y la reincidencia. Para ello, estos estudios han utilizado variables cuantitativas que tratan de estimar la calidad de las unidades penitenciarias (como las tasas de mortalidad y los niveles de hacinamiento, entre otras) y evaluar después su efecto sobre las tasas de reincidencia. Los resultados de estos estudios sugieren que los reclusos expuestos a condiciones penitenciarias más duras tienen más probabilidades de reincidir, mientras que el encarcelamiento en centros más nuevos, menos hacinados y que ofrecen una gama más amplia de servicios de apoyo y atención a los reclusos tiende, en conjunto, a reducir la reincidencia.",PE0027
DC0054,Baja capacidad institucional para gestionar y garantizar un control efectivo del sistema penitenciario,"Las evidencias demuestran que los reclusos expuestos a condiciones penitenciarias más duras tienen más probabilidades de reincidir, mientras que el encarcelamiento en centros más nuevos, menos masificados y que ofrecen una gama más amplia de servicios de apoyo y atención a los reclusos tiende, en conjunto, a reducir la reincidencia. Además, las investigaciones también demuestran que las oportunidades de (re)involucrarse en actividades delictivas tienden a aumentar cuanto mayores son las facilidades para el contacto no supervisado entre reclusos, así como en el caso del contacto entre un recluso y organizaciones delictivas mientras cumple su condena. En ambos casos, estos factores criminógenos tienden a facilitarse y a ser más comunes en prisiones superpobladas y/o con peores condiciones de seguridad y supervisión. De hecho, hay estudios que demuestran que la presencia de bandas y organizaciones en las prisiones tiende a aumentar el riesgo de violencia, motines y desórdenes, así como que la participación en bandas penitenciarias incrementa enormemente las posibilidades de reincidencia de los individuos privados de libertad.",PE0027
DC0055,Servicios de rehabilitación y reinserción económica y social inadecuados y/o insuficientes para los adultos que egresan del sistema penitenciario,"Diversos estudios han demostrado que los ex delincuentes se enfrentan a numerosos obstáculos que dificultan su reinserción con éxito en la vida en sociedad. De hecho, en comparación con la población general, los ex delincuentes son más propensos a sufrir de abuso de sustancias o de un problema de salud mental, tienen menos educación, tienden a caracterizarse por la falta de habilidades y calificaciones (lo que los hace menos ""empleables""), y tienden a no tener redes de apoyo sustanciales o arreglos de vivienda adecuados para la reintegración. Por otro lado, la evidencia ha demostrado que la puesta en marcha de iniciativas dirigidas a apoyar la reintegración social y económica de individuos que están a punto de progresar hacia el mercado laboral abierto y de aquellos que han egresado el sistema penitenciario tiene un alto potencial para facilitar este proceso y reducir la reincidencia. Estos programas, que suelen desarrollarse en la fase final de la condena, todavía en régimen cerrado, y que se prolongan durante las primeras semanas o meses tras la puesta en libertad, tienden a reducir la reincidencia delictiva de sus beneficiarios.",PE0027
DC0056,Alta propensión y/o inadecuación en el uso de sanciones privativas de libertad para adolescentes en conflicto con la ley,"Las evidencias de recientes revisiones sistemáticas demuestran que las medidas no privativas de libertad pueden ser más eficaces para reducir la reincidencia que el encarcelamiento. Sin embargo, sobre todo cuando los índices de delincuencia se sitúan en niveles elevados (y especialmente cuando aumentan los delitos violentos), es habitual que adquieran notoriedad los discursos de ""lucha contra la delincuencia"" y ""mano dura"" y, en consecuencia, que los organismos e instituciones del sistema de seguridad y justicia apliquen políticas de ""tolerancia cero"" y encarcelamiento masivo.",PE0028
DC0057,"Escasa capacidad para identificar, evaluar y abordar los factores de riesgo y las necesidades individuales de los adolescentes en conflicto con la ley","La evidencia muestra que uno de los aspectos centrales que condicionan la capacidad institucional para garantizar los derechos durante la condena y favorecer la reinserción social y la reducción de la reincidencia delictiva se refiere a la capacidad de los poderes públicos para: i. Identificar los factores de riesgo de cada individuo; ii. Identificar los factores de riesgo específicos que presenta cada individuo; ii. Reconocer las necesidades específicas de atención y/o asistencia de cada individuo; y iii. Seleccionar, aplicar y gestionar las intervenciones y opciones de tratamiento más apropiadas para cada individuo, teniendo en cuenta aquellas intervenciones que tienen el mayor potencial para un impacto positivo en las tasas de reincidencia, tal y como atestiguan los resultados de la investigación científica.",PE0028
DC0058,Deficiencias en la garantía de los derechos y la seguridad de los jóvenes privados de libertad y en el control efectivo de las unidades del sistema socioeducativo,"El sentido común, informado en este caso por la ideología que apoya las ""políticas de mano dura contra la delincuencia"", sugiere que la severidad del castigo debería reducir la probabilidad de reincidencia, en la medida en que una mala (y prolongada) experiencia disuadiría a los convictos de reincidir. Este sistema de creencias proporciona un terreno fértil para la resistencia pública a cualquier esfuerzo público destinado a mejorar las condiciones penitenciarias. Sin embargo, más recientemente, algunas investigaciones han tratado de arrojar luz sobre la relación entre las condiciones penitenciarias y la reincidencia. Para ello, estos estudios han utilizado variables cuantitativas que tratan de estimar la calidad de las unidades penitenciarias (como las tasas de mortalidad y los niveles de hacinamiento, entre otras) y evaluar después su efecto sobre las tasas de reincidencia. Los resultados de estos estudios sugieren que los reclusos expuestos a condiciones penitenciarias más duras tienen más probabilidades de reincidir, mientras que el encarcelamiento en centros más nuevos, menos hacinados y que ofrecen una gama más amplia de servicios de apoyo y atención a los reclusos tiende, en conjunto, a reducir la reincidencia.",PE0028
DC0059,Escasa capacidad institucional para gestionar y garantizar un control efectivo del sistema socioeducativo,"Las evidencias demuestran que los reclusos expuestos a condiciones penitenciarias más duras tienen más probabilidades de reincidir, mientras que el encarcelamiento en centros más nuevos y menos masificados que ofrecen una gama más amplia de servicios de apoyo y atención a los reclusos tiende, en conjunto, a reducir la reincidencia. Además, las investigaciones también demuestran que las oportunidades de (re)involucrarse en actividades delictivas tienden a aumentar cuanto mayores son las facilidades para el contacto no supervisado entre reclusos, así como en el caso del contacto entre un recluso y organizaciones delictivas mientras cumple su condena. En ambos casos, estos factores criminógenos tienden a facilitarse y a ser más comunes en prisiones superpobladas y/o con peores condiciones de seguridad y supervisión. De hecho, hay estudios que demuestran que la presencia de bandas y organizaciones en las prisiones tiende a aumentar el riesgo de violencia, motines y desórdenes, así como que la participación en bandas penitenciarias incrementa enormemente las posibilidades de reincidencia de los individuos privados de libertad.",PE0028
